옵션코드,적용 카테고리,옵션 구분(그룹명),추가 선택-1,추가 선택-2,추가 선택-3,길이/규격,단가,장바구니 표시,메인 하단 표시,이미지파일명,표시 조건
O-001,"CCTV폴, 벽부형 브라켓, 스텐(서스)밴드형 브라켓, 밴드형 브라켓, 스탠드형 브라켓",카메라 형태,뷸렛카메라,,,,0,X,,IM-001,
O-002,"CCTV폴, 벽부형 브라켓, 스텐(서스)밴드형 브라켓, 밴드형 브라켓, 스탠드형 브라켓",카메라 형태,하우징카메라,,,,0,X,,IM-002,
O-003,"CCTV폴, 벽부형 브라켓, 스텐(서스)밴드형 브라켓, 밴드형 브라켓, 스탠드형 브라켓",카메라 형태,스피드돔 카메라,,,,0,X,,IM-003,
O-004,"CCTV폴, 벽부형 브라켓, 스텐(서스)밴드형 브라켓, 밴드형 브라켓, 스탠드형 브라켓",카메라 형태,없음,,,,0,X,,IM-004,
O-005,CCTV폴,카메라 부착 부품,뷸렛카메라박스(변경),,,,17000,,,,"뷸렛카메라,하우징카메라"
O-006,CCTV폴,카메라 부착 부품,뷸렛카메라박스(추가),,,,22000,,,,"뷸렛카메라,하우징카메라"
O-007,"벽부형 브라켓, 스텐(서스)밴드형 브라켓, 밴드형 브라켓, 스탠드형 브라켓, 옥상 브라켓",카메라 부착 부품,뷸렛카메라박스,,,,20000,,,,"뷸렛카메라,하우징카메라"
O-008,"CCTV폴, 벽부형 브라켓, 스텐(서스)밴드형 브라켓, 밴드형 브라켓, 스탠드형 브라켓",카메라 부착 부품,알루미늄 각도기(기본),,,,0,,,,"뷸렛카메라,하우징카메라"
O-009,CCTV폴,카메라 부착 부품,알루미늄 각도기(추가),,,,8000,,,,"뷸렛카메라,하우징카메라"
O-010,"CCTV폴, 벽부형 브라켓, 스텐(서스)밴드형 브라켓, 밴드형 브라켓, 스탠드형 브라켓",카메라 부착 부품,스텐 각도기,,,,10000,,,,"뷸렛카메라,하우징카메라"
O-011,"CCTV폴, 벽부형 브라켓, 스텐(서스)밴드형 브라켓, 밴드형 브라켓, 스탠드형 브라켓",카메라 부착 부품,번호인식 각도기,,,,25000,,,,"뷸렛카메라,하우징카메라"
O-012,"CCTV폴, 벽부형 브라켓, 스텐(서스)밴드형 브라켓, 밴드형 브라켓, 스탠드형 브라켓",카메라 부착 부품,스피드돔 브라켓 부착용 판재,,,,15000,,,,스피드돔 카메라
O-013,"CCTV폴, 벽부형 브라켓, 스텐(서스)밴드형 브라켓, 밴드형 브라켓, 스탠드형 브라켓",카메라 부착 부품,40A소켓 (회전형으로 부착시),,,,25000,,,,스피드돔 카메라
O-014,CCTV폴,제작방식,후렌지형(2단분리형),,,,,,,,CCTV폴
O-015,CCTV폴,앙카 간격,170*170(기본),,,,0,,,,CCTV폴
O-016,CCTV폴,앙카 간격,200*200,,,,20000,,,,CCTV폴
O-017,CCTV폴,앙카 간격,200*200(기본),,,,0,,,,CCTV폴
O-018,CCTV폴,앙카 간격,170*170,,,,0,,,,CCTV폴
O-019,CCTV폴,암 체결 방식,용접 방식,,,,,,O,,암(Arm)
O-020,CCTV폴,암 체결 방식,밴드 방식,,,,,,O,,암(Arm)
O-021,CCTV폴,암 체결 방식,후렌지 방식,,,,,,O,,암(Arm)
O-022,CCTV폴,4인치,벽부형,I형,,,20000,,O,,CCTV폴
O-023,CCTV폴,4인치,벽부형,L형,,,50000,,O,,
O-022,CCTV폴,5인치,벽부형,I형,,,20000,,O,,CCTV폴
O-023,CCTV폴,5인치,벽부형,L형,,,55000,,O,,
O-022,CCTV폴,6인치,벽부형,I형,,,20000,,O,,CCTV폴
O-023,CCTV폴,6인치,벽부형,L형,,,60000,,O,,
O-022,CCTV폴,암(Arm),,,,300,40000,,O,,CCTV폴
O-023,CCTV폴,암(Arm),,,,400,40000,,O,,
O-024,CCTV폴,암(Arm),,,,500,40000,,O,,
O-025,CCTV폴,암(Arm),,,,600,45000,,,,
O-026,CCTV폴,암(Arm),,,,700,45000,,,,
O-027,CCTV폴,암(Arm),,,,800,50000,,,,
O-028,CCTV폴,암(Arm),,,,900,50000,,,,
O-029,CCTV폴,암(Arm),,,,1000,65000,,,,
O-029,CCTV폴,암(Arm),,,,1100,65000,,,,
O-029,CCTV폴,암(Arm),,,,1200,70000,,,,
O-029,CCTV폴,암(Arm),,,,1300,70000,,,,
O-030,CCTV폴,암(Arm),,,,1400,75000,,,,
O-030,CCTV폴,암(Arm),,,,1500,85000,,,,
O-029,CCTV폴,암(Arm),,,,1600,85000,,,,
O-029,CCTV폴,암(Arm),,,,1700,90000,,,,
O-030,CCTV폴,암(Arm),,,,1800,95000,,,,
O-030,CCTV폴,암(Arm),,,,1900,95000,,,,
O-031,CCTV폴,암(Arm),,,,2000,100000,,,,
O-032,CCTV폴,암(Arm),스피드돔(40A소켓),,,,25000,,,IM-007,
O-033,CCTV폴,암(Arm),스피드돔(벽부형 판재),,,,15000,,,IM-008,
O-034,CCTV폴,암(Arm),흔들림 방지,와이어고리,,,10000,,,,
O-035,CCTV폴,암(Arm),흔들림 방지,삼각파이프 받침,,,45000,,,,
O-036,CCTV폴,암(Arm),흔들림 방지,와이어고리&삼각파이프받침,,,55000,,,,
O-037,CCTV폴,카메라 추가 부착 부품,뷸렛카메라박스(추가),,,,17000,,,,
O-038,CCTV폴,카메라 추가 부착 부품,1구 각도기(추가),,,,8000,,,,
O-039,CCTV폴,카메라 추가 부착 부품,스텐 각도기(추가),,,,10000,,,,
O-040,CCTV폴,카메라 추가 부착 부품,번호인식 각도기(추가),,,,25000,,,,
O-041,CCTV폴,앙카베이스,4인치 앙카베이스,170*170,,,30000,,,IM-122,CCTV폴
O-042,CCTV폴,앙카베이스,5인치 앙카베이스,200*200,,,30000,,,IM-122,CCTV폴
O-043,CCTV폴,베이스커버,4인치 베이스커버,,,,30000,,,IM-123,CCTV폴
O-044,CCTV폴,베이스커버,5인치 베이스커버,,,,35000,,,IM-123,CCTV폴
O-045,CCTV폴,베이스커버,하부5인치-상부4인치 베이스커버,,,,40000,,,IM-123,CCTV폴
O-046,CCTV폴,분체도장,,,,,65000,,,,
O-047,함체,함체형태,기본형,,,,,,,,함체
O-048,함체,함체형태,기본형,,,,,,,,함체
O-049,함체,함체형태,기본형,,,,,,,,함체
O-050,함체,함체형태,기본형,,,,,,,,함체
O-051,함체,함체형태,환풍구(팬)형,,,,80000,,,,함체
O-052,함체,고정방식,벽부형,,,,0,,,,함체
O-053,함체,고정방식,밴드형,,,,40000,,,,함체
O-054,함체,고정방식,스텐(서스)밴드형,,,,30000,,,,함체
O-055,함체,고정방식,자립식 4인치 0.5M,,,,120000,,,,함체
O-056,함체,고정방식,자립식 4인치 1M,,,,125000,,,,함체
O-057,함체,고정방식,자립식 4인치 1.5M,,,,130000,,,,함체
O-058,함체,고정방식,자립식 5인치 0.5M,,,,150000,,,,함체
O-059,함체,고정방식,자립식 5인치 1M,,,,155000,,,,함체
O-060,함체,고정방식,자립식 5인치 1.5M,,,,160000,,,,함체
O-061,함체,케이블 인입 방식,홀 가공 없음,,,,,,,,함체
O-062,함체,케이블 인입 방식,(입력)사용하는 후렉시블 사이즈 / 수량,,,,,,,,함체
O-063,함체,케이블 인입 방식,함체 뒷면 파이프 직결 방식,,,,,,,,함체
O-064,옥상 브라켓,옥상 가이드 브라켓,높이 200mm 가이드(기본),,,,0,,,,
O-065,옥상 브라켓,옥상 가이드 브라켓,높이 120mm 가이드,,,,0,,,,
O-066,옥상 브라켓,카메라 부착 방식,직결형(기본-원형판재에 카메라 직결피스로 체결)),,,,0,,,,
O-067,옥상 브라켓,카메라 부착 방식,뷸렛카메라박스,,,,20000,,,,
O-068,옥상 브라켓,카메라 부착 방식,알루미늄 각도기 ,,,,8000,,,,
O-069,옥상 브라켓,카메라 부착 방식,스텐 각도기,,,,10000,,,,
O-070,옥상 브라켓,카메라 부착 방식,번호인식 각도기,,,,25000,,,,
O-071,옥상 브라켓,가로파이프 이중 고정 장치,,,,,5000,,,,
O-072,옥상 브라켓,1단 / 2단 회전형,,,,,65000,,,,
O-073,옥상 브라켓,일반 벽 이격 브라켓,이격 길이,(입력) 이격 길이 입력,,,65000,,,,
O-074,옥상 브라켓,빗각벽-이격 브라켓,벽 빗각의 각도,(입력) 벽 빗각 각도 입력,,,65000,,,,
O-075,옥상 브라켓,빗각벽-이격 브라켓,밖으로 나오는 파이프의 길이,(입력) 파이프의 길이,,,65000,,,,
O-076,천장형 브라켓,카메라 형태,뷸렛카메라,,,,,,,,
O-077,천장형 브라켓,카메라 형태,하우징카메라,,,,,,,,
O-078,천장형 브라켓,뷸렛카메라,높이 60mm (기본),,,,0,,,,뷸렛카메라
O-079,천장형 브라켓,뷸렛카메라,높이 120mm,,,,5000,,,,뷸렛카메라
O-080,천장형 브라켓,뷸렛카메라,T형(뷸렛카메라 양쪽에 각 1대씩 설치용),,,,5000,,,,뷸렛카메라
O-081,천장형 브라켓,하우징카메라,각도기형 (하우징카메라 1대 설치용),,,,5000,,,,하우징카메라
O-082,천장형 브라켓,하우징카메라,T형(하우징카메라 2대 설치용),,,,25000,,,,하우징카메라
O-083,하리형 브라켓,카메라 형태,뷸렛카메라,,,,,,,,
O-084,하리형 브라켓,카메라 형태,하우징카메라,,,,,,,,
O-085,하리형 브라켓,카메라박스 사이즈,높이 60mm (기본),,,,,,,,뷸렛카메라
O-086,하리형 브라켓,카메라박스 사이즈,높이 120mm (뷸렛카메라 최대 5대 설치 가능),,,,5000,,,,뷸렛카메라
O-087,하리형 브라켓,카메라박스 사이즈,각도기형 (하우징카메라 설치용),,,,,,,,뷸렛카메라
O-088,하리형 브라켓,브라켓 형태,기본형(박스형),,,,0,,,,하우징카메라
O-089,하리형 브라켓,브라켓 형태,T형(하우징카메라 2개 설치용),,,,25000,,,,하우징카메라
O-090,벽부형 브라켓,흔들림 방지,,와이어고리,,,20000,,,벽부형브라켓_뷸렛_흔들림방지_와이어고리.png,벽부형 브라켓
O-091,벽부형 브라켓,흔들림 방지,,삼각파이프 받침,,,50000,,,벽부형브라켓_뷸렛_흔들림방지_삼각파이프받침.png,벽부형 브라켓
O-092,벽부형 브라켓,흔들림 방지,,와이어고리&삼각파이프받침,,,70000,,,벽부형브라켓_뷸렛_흔들림방지_와이어고리삼각파이프받침.png,벽부형 브라켓
O-093,밴드형 브라켓,흔들림 방지,3인치,와이어고리,,,40000,,,,밴드형 브라켓
O-094,밴드형 브라켓,흔들림 방지,3인치,삼각파이프 받침,,,60000,,,,밴드형 브라켓
O-095,밴드형 브라켓,흔들림 방지,3인치,와이어고리&삼각파이프받침,,,100000,,,,밴드형 브라켓
O-096,밴드형 브라켓,흔들림 방지,4인치,와이어고리,,,45000,,,,밴드형 브라켓
O-097,밴드형 브라켓,흔들림 방지,4인치,삼각파이프 받침,,,65000,,,,밴드형 브라켓
O-098,밴드형 브라켓,흔들림 방지,4인치,와이어고리&삼각파이프받침,,,110000,,,,밴드형 브라켓
O-099,밴드형 브라켓,흔들림 방지,5인치,와이어고리,,,50000,,,,밴드형 브라켓
O-100,밴드형 브라켓,흔들림 방지,5인치,삼각파이프 받침,,,70000,,,,밴드형 브라켓
O-101,밴드형 브라켓,흔들림 방지,5인치,와이어고리&삼각파이프받침,,,120000,,,,밴드형 브라켓
O-102,밴드형 브라켓,흔들림 방지,6인치,와이어고리,,,60000,,,,밴드형 브라켓
O-103,밴드형 브라켓,흔들림 방지,6인치,삼각파이프 받침,,,80000,,,,밴드형 브라켓
O-104,밴드형 브라켓,흔들림 방지,6인치,와이어고리&삼각파이프받침,,,140000,,,,밴드형 브라켓
O-105,스텐(서스)밴드형 브라켓,흔들림 방지,,와이어고리,,,25000,,,,스텐(서스)밴드형 브라켓
O-106,스텐(서스)밴드형 브라켓,흔들림 방지,,삼각파이프 받침,,,60000,,,,스텐(서스)밴드형 브라켓
O-107,스텐(서스)밴드형 브라켓,흔들림 방지,,와이어고리&삼각파이프받침,,,85000,,,,스텐(서스)밴드형 브라켓
